"Class","Path","RefCount"
"Qrcodes","C:\xampp\htdocs\crm\app\Models\Qrcodes.php","1"
"DocumentComment","C:\xampp\htdocs\crm\app\Models\DocumentComment.php","2"
"DocumentFile","C:\xampp\htdocs\crm\app\Models\DocumentFile.php","2"
"DocumentTemplateMergeTag","C:\xampp\htdocs\crm\app\Models\DocumentTemplateMergeTag.php","2"
"DocumentApproval","C:\xampp\htdocs\crm\app\Models\DocumentApproval.php","3"
"DocumentSignature","C:\xampp\htdocs\crm\app\Models\DocumentSignature.php","3"
"DocumentAuditLog","C:\xampp\htdocs\crm\app\Models\DocumentAuditLog.php","4"
"DocumentWorkflowData","C:\xampp\htdocs\crm\app\Models\DocumentWorkflowData.php","4"
"LeadPipelineStages","C:\xampp\htdocs\crm\app\Models\LeadPipelineStages.php","4"
"CustomModulePermission","C:\xampp\htdocs\crm\app\Models\CustomModulePermission.php","5"
"DocumentRecipient","C:\xampp\htdocs\crm\app\Models\DocumentRecipient.php","5"
"TaskTag","C:\xampp\htdocs\crm\app\Models\TaskTag.php","5"
"DocumentAccessToken","C:\xampp\htdocs\crm\app\Models\DocumentAccessToken.php","6"
"WhatsappOtp","C:\xampp\htdocs\crm\app\Models\WhatsappOtp.php","6"
"SignUpSetting","C:\xampp\htdocs\crm\app\Models\SignUpSetting.php","7"
"TaskTagList","C:\xampp\htdocs\crm\app\Models\TaskTagList.php","7"
"EmployeeActivity","C:\xampp\htdocs\crm\app\Models\EmployeeActivity.php","9"
"LeadHistory","C:\xampp\htdocs\crm\app\Models\LeadHistory.php","10"
"DatabaseBackup","C:\xampp\htdocs\crm\app\Models\DatabaseBackup.php","11"
"DealHistory","C:\xampp\htdocs\crm\app\Models\DealHistory.php","11"
"EmployeeLocation","C:\xampp\htdocs\crm\app\Models\EmployeeLocation.php","13"
"RecurringInvoiceItemImage","C:\xampp\htdocs\crm\app\Models\RecurringInvoiceItemImage.php","14"
"TranslateSetting","C:\xampp\htdocs\crm\app\Models\TranslateSetting.php","14"
"LeadUserNote","C:\xampp\htdocs\crm\app\Models\LeadUserNote.php","16"
"Menu","C:\xampp\htdocs\crm\app\Models\Menu.php","16"
"OrderItemImage","C:\xampp\htdocs\crm\app\Models\OrderItemImage.php","16"
"ProjectTemplateTaskUser","C:\xampp\htdocs\crm\app\Models\ProjectTemplateTaskUser.php","16"
"ProjectUserNote","C:\xampp\htdocs\crm\app\Models\ProjectUserNote.php","17"
"TaskLabel","C:\xampp\htdocs\crm\app\Models\TaskLabel.php","17"
"CurrencyFormatSetting","C:\xampp\htdocs\crm\app\Models\CurrencyFormatSetting.php","18"
"Flag","C:\xampp\htdocs\crm\app\Models\Flag.php","18"
"ProjectTemplateSubTask","C:\xampp\htdocs\crm\app\Models\ProjectTemplateSubTask.php","18"
"Social","C:\xampp\htdocs\crm\app\Models\Social.php","18"
"EmployeeTeam","C:\xampp\htdocs\crm\app\Models\EmployeeTeam.php","19"
"LeadProduct","C:\xampp\htdocs\crm\app\Models\LeadProduct.php","19"
"ProposalSign","C:\xampp\htdocs\crm\app\Models\ProposalSign.php","19"
"TicketTag","C:\xampp\htdocs\crm\app\Models\TicketTag.php","19"
"DatabaseBackupSetting","C:\xampp\htdocs\crm\app\Models\DatabaseBackupSetting.php","20"
"EmployeeSkill","C:\xampp\htdocs\crm\app\Models\EmployeeSkill.php","20"
"PushNotificationSetting","C:\xampp\htdocs\crm\app\Models\PushNotificationSetting.php","20"
"UserActivity","C:\xampp\htdocs\crm\app\Models\UserActivity.php","20"
"CreditNoteItemImage","C:\xampp\htdocs\crm\app\Models\CreditNoteItemImage.php","21"
"NoticeView","C:\xampp\htdocs\crm\app\Models\NoticeView.php","21"
"OrderCart","C:\xampp\htdocs\crm\app\Models\OrderCart.php","21"
"SubTaskFile","C:\xampp\htdocs\crm\app\Models\SubTaskFile.php","21"
"DealNote","C:\xampp\htdocs\crm\app\Models\DealNote.php","22"
"TaskHistory","C:\xampp\htdocs\crm\app\Models\TaskHistory.php","22"
"TicketTagList","C:\xampp\htdocs\crm\app\Models\TicketTagList.php","22"
"UserTaskboardSetting","C:\xampp\htdocs\crm\app\Models\UserTaskboardSetting.php","22"
"AwardIcon","C:\xampp\htdocs\crm\app\Models\AwardIcon.php","23"
"ClientUserNote","C:\xampp\htdocs\crm\app\Models\ClientUserNote.php","23"
"DocumentTemplate","C:\xampp\htdocs\crm\app\Models\DocumentTemplate.php","23"
"PurposeConsentUser","C:\xampp\htdocs\crm\app\Models\PurposeConsentUser.php","23"
"Skill","C:\xampp\htdocs\crm\app\Models\Skill.php","23"
"ProjectActivity","C:\xampp\htdocs\crm\app\Models\ProjectActivity.php","24"
"ExpensesCategoryRole","C:\xampp\htdocs\crm\app\Models\ExpensesCategoryRole.php","25"
"ProjectTemplateMember","C:\xampp\htdocs\crm\app\Models\ProjectTemplateMember.php","25"
"PusherSetting","C:\xampp\htdocs\crm\app\Models\PusherSetting.php","25"
"TicketActivity","C:\xampp\htdocs\crm\app\Models\TicketActivity.php","25"
"AcceptEstimate","C:\xampp\htdocs\crm\app\Models\AcceptEstimate.php","26"
"CustomLinkSetting","C:\xampp\htdocs\crm\app\Models\CustomLinkSetting.php","26"
"EventFile","C:\xampp\htdocs\crm\app\Models\EventFile.php","26"
"LeaveSetting","C:\xampp\htdocs\crm\app\Models\LeaveSetting.php","26"
"MessageSetting","C:\xampp\htdocs\crm\app\Models\MessageSetting.php","26"
"PurposeConsentLead","C:\xampp\htdocs\crm\app\Models\PurposeConsentLead.php","26"
"RoleUser","C:\xampp\htdocs\crm\app\Models\RoleUser.php","26"
"ClientSubCategory","C:\xampp\htdocs\crm\app\Models\ClientSubCategory.php","27"
"EmployeeLeaveQuota","C:\xampp\htdocs\crm\app\Models\EmployeeLeaveQuota.php","27"
"LeadFollowUp","C:\xampp\htdocs\crm\app\Models\LeadFollowUp.php","27"
"StickyNote","C:\xampp\htdocs\crm\app\Models\StickyNote.php","27"
"ProjectTemplateTask","C:\xampp\htdocs\crm\app\Models\ProjectTemplateTask.php","28"
"RecurringInvoiceItems","C:\xampp\htdocs\crm\app\Models\RecurringInvoiceItems.php","28"
"RemovalRequestLead","C:\xampp\htdocs\crm\app\Models\RemovalRequestLead.php","28"
"ContractDiscussion","C:\xampp\htdocs\crm\app\Models\ContractDiscussion.php","29"
"KnowledgeBaseFile","C:\xampp\htdocs\crm\app\Models\KnowledgeBaseFile.php","29"
"Pinned","C:\xampp\htdocs\crm\app\Models\Pinned.php","29"
"ProjectSetting","C:\xampp\htdocs\crm\app\Models\ProjectSetting.php","29"
"CreditNoteItem","C:\xampp\htdocs\crm\app\Models\CreditNoteItem.php","30"
"ProductSubCategory","C:\xampp\htdocs\crm\app\Models\ProductSubCategory.php","30"
"ProposalTemplateItemImage","C:\xampp\htdocs\crm\app\Models\ProposalTemplateItemImage.php","30"
"RemovalRequest","C:\xampp\htdocs\crm\app\Models\RemovalRequest.php","30"
"TicketReplyTemplate","C:\xampp\htdocs\crm\app\Models\TicketReplyTemplate.php","30"
"UserLeadboardSetting","C:\xampp\htdocs\crm\app\Models\UserLeadboardSetting.php","30"
"ClientCategory","C:\xampp\htdocs\crm\app\Models\ClientCategory.php","31"
"ClientContact","C:\xampp\htdocs\crm\app\Models\ClientContact.php","31"
"ContractRenew","C:\xampp\htdocs\crm\app\Models\ContractRenew.php","31"
"FileStorage","C:\xampp\htdocs\crm\app\Models\FileStorage.php","31"
"LeadNote","C:\xampp\htdocs\crm\app\Models\LeadNote.php","31"
"ProposalItemImage","C:\xampp\htdocs\crm\app\Models\ProposalItemImage.php","31"
"PurposeConsent","C:\xampp\htdocs\crm\app\Models\PurposeConsent.php","31"
"SlackSetting","C:\xampp\htdocs\crm\app\Models\SlackSetting.php","31"
"TicketFile","C:\xampp\htdocs\crm\app\Models\TicketFile.php","31"
"WhatsappNotificationSetting","C:\xampp\htdocs\crm\app\Models\WhatsappNotificationSetting.php","31"
"InvoiceFiles","C:\xampp\htdocs\crm\app\Models\InvoiceFiles.php","32"
"KnowledgeBaseCategory","C:\xampp\htdocs\crm\app\Models\KnowledgeBaseCategory.php","32"
"QuickBooksSetting","C:\xampp\htdocs\crm\app\Models\QuickBooksSetting.php","32"
"ThemeSetting","C:\xampp\htdocs\crm\app\Models\ThemeSetting.php","32"
"EventAttendee","C:\xampp\htdocs\crm\app\Models\EventAttendee.php","33"
"ProjectRating","C:\xampp\htdocs\crm\app\Models\ProjectRating.php","33"
"SocialAuthSetting","C:\xampp\htdocs\crm\app\Models\SocialAuthSetting.php","33"
"EstimateTemplateItem","C:\xampp\htdocs\crm\app\Models\EstimateTemplateItem.php","34"
"EstimateTemplateItemImage","C:\xampp\htdocs\crm\app\Models\EstimateTemplateItemImage.php","34"
"GdprSetting","C:\xampp\htdocs\crm\app\Models\GdprSetting.php","34"
"Issue","C:\xampp\htdocs\crm\app\Models\Issue.php","34"
"ProposalTemplateItem","C:\xampp\htdocs\crm\app\Models\ProposalTemplateItem.php","34"
"UserInvitation","C:\xampp\htdocs\crm\app\Models\UserInvitation.php","34"
"DiscussionCategory","C:\xampp\htdocs\crm\app\Models\DiscussionCategory.php","35"
"EstimateItemImage","C:\xampp\htdocs\crm\app\Models\EstimateItemImage.php","35"
"LeaveFile","C:\xampp\htdocs\crm\app\Models\LeaveFile.php","35"
"StorageSetting","C:\xampp\htdocs\crm\app\Models\StorageSetting.php","35"
"TaskNote","C:\xampp\htdocs\crm\app\Models\TaskNote.php","35"
"UserchatFile","C:\xampp\htdocs\crm\app\Models\UserchatFile.php","35"
"Country","C:\xampp\htdocs\crm\app\Models\Country.php","37"
"EmergencyContact","C:\xampp\htdocs\crm\app\Models\EmergencyContact.php","37"
"TaskUser","C:\xampp\htdocs\crm\app\Models\TaskUser.php","37"
"TicketCustomForm","C:\xampp\htdocs\crm\app\Models\TicketCustomForm.php","37"
"TicketEmailSetting","C:\xampp\htdocs\crm\app\Models\TicketEmailSetting.php","37"
"ContractSign","C:\xampp\htdocs\crm\app\Models\ContractSign.php","38"
"ContractTemplate","C:\xampp\htdocs\crm\app\Models\ContractTemplate.php","38"
"DiscussionFile","C:\xampp\htdocs\crm\app\Models\DiscussionFile.php","39"
"ContractFile","C:\xampp\htdocs\crm\app\Models\ContractFile.php","40"
"Passport","C:\xampp\htdocs\crm\app\Models\Passport.php","40"
"DiscussionReply","C:\xampp\htdocs\crm\app\Models\DiscussionReply.php","41"
"EmployeeShiftChangeRequest","C:\xampp\htdocs\crm\app\Models\EmployeeShiftChangeRequest.php","41"
"ExpensesCategory","C:\xampp\htdocs\crm\app\Models\ExpensesCategory.php","41"
"GoogleCalendarModule","C:\xampp\htdocs\crm\app\Models\GoogleCalendarModule.php","41"
"KnowledgeBase","C:\xampp\htdocs\crm\app\Models\KnowledgeBase.php","41"
"OrderItems","C:\xampp\htdocs\crm\app\Models\OrderItems.php","41"
"SmtpSetting","C:\xampp\htdocs\crm\app\Models\SmtpSetting.php","41"
"TicketChannel","C:\xampp\htdocs\crm\app\Models\TicketChannel.php","41"
"ContractType","C:\xampp\htdocs\crm\app\Models\ContractType.php","42"
"ModuleSetting","C:\xampp\htdocs\crm\app\Models\ModuleSetting.php","42"
"TaskSetting","C:\xampp\htdocs\crm\app\Models\TaskSetting.php","43"
"VisaDetail","C:\xampp\htdocs\crm\app\Models\VisaDetail.php","43"
"TaskComment","C:\xampp\htdocs\crm\app\Models\TaskComment.php","44"
"TicketType","C:\xampp\htdocs\crm\app\Models\TicketType.php","44"
"ProjectNote","C:\xampp\htdocs\crm\app\Models\ProjectNote.php","45"
"TaskCategory","C:\xampp\htdocs\crm\app\Models\TaskCategory.php","45"
"LeadCustomForm","C:\xampp\htdocs\crm\app\Models\LeadCustomForm.php","46"
"TaskCommentEmoji","C:\xampp\htdocs\crm\app\Models\TaskCommentEmoji.php","46"
"TicketGroup","C:\xampp\htdocs\crm\app\Models\TicketGroup.php","46"
"TaskLabelList","C:\xampp\htdocs\crm\app\Models\TaskLabelList.php","47"
"OfflinePaymentMethod","C:\xampp\htdocs\crm\app\Models\OfflinePaymentMethod.php","48"
"DealFollowUp","C:\xampp\htdocs\crm\app\Models\DealFollowUp.php","49"
"ProjectCategory","C:\xampp\htdocs\crm\app\Models\ProjectCategory.php","50"
"ProjectFile","C:\xampp\htdocs\crm\app\Models\ProjectFile.php","50"
"TicketAgentGroups","C:\xampp\htdocs\crm\app\Models\TicketAgentGroups.php","50"
"ProjectTemplate","C:\xampp\htdocs\crm\app\Models\ProjectTemplate.php","51"
"ProductCategory","C:\xampp\htdocs\crm\app\Models\ProductCategory.php","52"
"InvoiceItemImage","C:\xampp\htdocs\crm\app\Models\InvoiceItemImage.php","53"
"LanguageSetting","C:\xampp\htdocs\crm\app\Models\LanguageSetting.php","53"
"LeadSource","C:\xampp\htdocs\crm\app\Models\LeadSource.php","54"
"ProposalItem","C:\xampp\htdocs\crm\app\Models\ProposalItem.php","54"
"TicketReply","C:\xampp\htdocs\crm\app\Models\TicketReply.php","54"
"EstimateItem","C:\xampp\htdocs\crm\app\Models\EstimateItem.php","55"
"LeadPipeline","C:\xampp\htdocs\crm\app\Models\LeadPipeline.php","57"
"ProjectStatusSetting","C:\xampp\htdocs\crm\app\Models\ProjectStatusSetting.php","57"
"EstimateTemplate","C:\xampp\htdocs\crm\app\Models\EstimateTemplate.php","58"
"ProjectMember","C:\xampp\htdocs\crm\app\Models\ProjectMember.php","58"
"ProjectMilestone","C:\xampp\htdocs\crm\app\Models\ProjectMilestone.php","58"
"ProposalTemplate","C:\xampp\htdocs\crm\app\Models\ProposalTemplate.php","58"
"ProjectTimeLogBreak","C:\xampp\htdocs\crm\app\Models\ProjectTimeLogBreak.php","59"
"MentionUser","C:\xampp\htdocs\crm\app\Models\MentionUser.php","60"
"SubTask","C:\xampp\htdocs\crm\app\Models\SubTask.php","60"
"ExpenseRecurring","C:\xampp\htdocs\crm\app\Models\ExpenseRecurring.php","61"
"UniversalSearch","C:\xampp\htdocs\crm\app\Models\UniversalSearch.php","61"
"DocumentWorkflow","C:\xampp\htdocs\crm\app\Models\DocumentWorkflow.php","62"
"TaskFile","C:\xampp\htdocs\crm\app\Models\TaskFile.php","62"
"Award","C:\xampp\htdocs\crm\app\Models\Award.php","63"
"LeadAgent","C:\xampp\htdocs\crm\app\Models\LeadAgent.php","63"
"CustomFieldGroup","C:\xampp\htdocs\crm\app\Models\CustomFieldGroup.php","64"
"DashboardWidget","C:\xampp\htdocs\crm\app\Models\DashboardWidget.php","67"
"CompanyAddress","C:\xampp\htdocs\crm\app\Models\CompanyAddress.php","68"
"LeadCategory","C:\xampp\htdocs\crm\app\Models\LeadCategory.php","68"
"LeadStatus","C:\xampp\htdocs\crm\app\Models\LeadStatus.php","70"
"ClientNote","C:\xampp\htdocs\crm\app\Models\ClientNote.php","72"
"BankTransaction","C:\xampp\htdocs\crm\app\Models\BankTransaction.php","74"
"UserPermission","C:\xampp\htdocs\crm\app\Models\UserPermission.php","75"
"PermissionRole","C:\xampp\htdocs\crm\app\Models\PermissionRole.php","76"
"UserChat","C:\xampp\htdocs\crm\app\Models\UserChat.php","76"
"EmployeeShift","C:\xampp\htdocs\crm\app\Models\EmployeeShift.php","77"
"PipelineStage","C:\xampp\htdocs\crm\app\Models\PipelineStage.php","77"
"AttendanceSetting","C:\xampp\htdocs\crm\app\Models\AttendanceSetting.php","78"
"ClientDetails","C:\xampp\htdocs\crm\app\Models\ClientDetails.php","80"
"Appreciation","C:\xampp\htdocs\crm\app\Models\Appreciation.php","81"
"CustomField","C:\xampp\htdocs\crm\app\Models\CustomField.php","83"
"InvoiceSetting","C:\xampp\htdocs\crm\app\Models\InvoiceSetting.php","83"
"EmployeeShiftSchedule","C:\xampp\htdocs\crm\app\Models\EmployeeShiftSchedule.php","84"
"LeaveType","C:\xampp\htdocs\crm\app\Models\LeaveType.php","84"
"InvoiceItems","C:\xampp\htdocs\crm\app\Models\InvoiceItems.php","85"
"RecurringInvoice","C:\xampp\htdocs\crm\app\Models\RecurringInvoice.php","85"
"Discussion","C:\xampp\htdocs\crm\app\Models\Discussion.php","88"
"Notice","C:\xampp\htdocs\crm\app\Models\Notice.php","91"
"PaymentGatewayCredentials","C:\xampp\htdocs\crm\app\Models\PaymentGatewayCredentials.php","102"
"Tax","C:\xampp\htdocs\crm\app\Models\Tax.php","103"
"Session","C:\xampp\htdocs\crm\app\Models\Session.php","104"
"Module","C:\xampp\htdocs\crm\app\Models\Module.php","105"
"Designation","C:\xampp\htdocs\crm\app\Models\Designation.php","107"
"CreditNotes","C:\xampp\htdocs\crm\app\Models\CreditNotes.php","109"
"Event","C:\xampp\htdocs\crm\app\Models\Event.php","109"
"TaskboardColumn","C:\xampp\htdocs\crm\app\Models\TaskboardColumn.php","115"
"Team","C:\xampp\htdocs\crm\app\Models\Team.php","115"
"BankAccount","C:\xampp\htdocs\crm\app\Models\BankAccount.php","116"
"UnitType","C:\xampp\htdocs\crm\app\Models\UnitType.php","119"
"Proposal","C:\xampp\htdocs\crm\app\Models\Proposal.php","126"
"EmployeeDetails","C:\xampp\htdocs\crm\app\Models\EmployeeDetails.php","150"
"PermissionType","C:\xampp\htdocs\crm\app\Models\PermissionType.php","152"
"Estimate","C:\xampp\htdocs\crm\app\Models\Estimate.php","154"
"Holiday","C:\xampp\htdocs\crm\app\Models\Holiday.php","165"
"Holiday","C:\xampp\htdocs\crm\app\Models\ClientDocument.php","165"
"Holiday","C:\xampp\htdocs\crm\app\Models\LogTimeFor.php","165"
"Holiday","C:\xampp\htdocs\crm\app\Models\EmployeeDocument.php","165"
"Holiday","C:\xampp\htdocs\crm\app\Models\DealFile.php","165"
"Holiday","C:\xampp\htdocs\crm\app\Models\ProductFiles.php","165"
"ProjectTimeLog","C:\xampp\htdocs\crm\app\Models\ProjectTimeLog.php","165"
"Attendance","C:\xampp\htdocs\crm\app\Models\Attendance.php","171"
"Role","C:\xampp\htdocs\crm\app\Models\Role.php","171"
"Product","C:\xampp\htdocs\crm\app\Models\Product.php","176"
"Expense","C:\xampp\htdocs\crm\app\Models\Expense.php","178"
"Order","C:\xampp\htdocs\crm\app\Models\Order.php","179"
"GlobalSetting","C:\xampp\htdocs\crm\app\Models\GlobalSetting.php","181"
"Deal","C:\xampp\htdocs\crm\app\Models\Deal.php","194"
"Contract","C:\xampp\htdocs\crm\app\Models\Contract.php","207"
"Currency","C:\xampp\htdocs\crm\app\Models\Currency.php","213"
"EmailNotificationSetting","C:\xampp\htdocs\crm\app\Models\EmailNotificationSetting.php","219"
"Ticket","C:\xampp\htdocs\crm\app\Models\Ticket.php","224"
"Leave","C:\xampp\htdocs\crm\app\Models\Leave.php","237"
"Payment","C:\xampp\htdocs\crm\app\Models\Payment.php","267"
"BaseModel","C:\xampp\htdocs\crm\app\Models\BaseModel.php","268"
"Lead","C:\xampp\htdocs\crm\app\Models\Lead.php","322"
"Notification","C:\xampp\htdocs\crm\app\Models\Notification.php","337"
"Company","C:\xampp\htdocs\crm\app\Models\Company.php","416"
"Invoice","C:\xampp\htdocs\crm\app\Models\Invoice.php","470"
"Permission","C:\xampp\htdocs\crm\app\Models\Permission.php","502"
"Project","C:\xampp\htdocs\crm\app\Models\Project.php","513"
"Task","C:\xampp\htdocs\crm\app\Models\Task.php","755"
"User","C:\xampp\htdocs\crm\app\Models\User.php","1132"
