"Name","RefCount"
"account.admin.live-tracking","0"
"api.attendance.clock-in","0"
"api.attendance.clock-out","0"
"api.attendance.index","0"
"api.attendance.location-alert","0"
"api.attendance.location-update","0"
"api.dashboard.stats","0"
"api.lead-contacts.index","0"
"api.lead-contacts.store","0"
"api.lead-contacts.update","0"
"api.login","0"
"api.profile","0"
"api.purchasedModule.v1","0"
"api.whatsapp.send_otp","0"
"api.whatsapp.verify_otp","0"
"app-settings.create","0"
"app-settings.destroy","0"
"app-settings.edit","0"
"app-settings.show","0"
"app-settings.store","0"
"attendance-report.create","0"
"attendance-report.destroy","0"
"attendance-report.edit","0"
"attendance-report.show","0"
"attendance-report.store","0"
"attendance-report.update","0"
"attendance-settings.create","0"
"attendance-settings.destroy","0"
"attendance-settings.edit","0"
"attendance-settings.show","0"
"attendance-settings.store","0"
"business-address.show","0"
"cashier.webhook","0"
"client_notes.check_password","0"
"clientCategory.edit","0"
"clientCategory.index","0"
"clientCategory.show","0"
"client-contacts.index","0"
"client-contacts.show","0"
"client-docs.index","0"
"client-docs.show","0"
"clients.save_consent_purpose_data","0"
"clientSubCategory.edit","0"
"clientSubCategory.index","0"
"clientSubCategory.show","0"
"company-settings.edit","0"
"contractDiscussions.create","0"
"contractDiscussions.index","0"
"contractDiscussions.show","0"
"contractFiles.create","0"
"contractFiles.edit","0"
"contractFiles.index","0"
"contractFiles.show","0"
"contractFiles.update","0"
"contract-renew.create","0"
"contract-renew.index","0"
"contract-renew.show","0"
"contract-settings.create","0"
"contract-settings.destroy","0"
"contract-settings.edit","0"
"contract-settings.show","0"
"contract-settings.store","0"
"contract-template.download","0"
"contractTypes.edit","0"
"contractTypes.index","0"
"contractTypes.show","0"
"currency_settings.update_currency_format","0"
"currency-settings.show","0"
"custom-fields.show","0"
"custom-link-settings.show","0"
"custom-modules.destroy","0"
"custom-modules.edit","0"
"dashboard.deal-stage-data","0"
"database-backup-settings.destroy","0"
"database-backup-settings.edit","0"
"database-backup-settings.show","0"
"database-backup-settings.update","0"
"deal-files.edit","0"
"deal-files.index","0"
"deal-files.show","0"
"deal-files.update","0"
"deal-notes.index","0"
"debugbar.assets.css","0"
"debugbar.assets.js","0"
"debugbar.cache.delete","0"
"debugbar.clockwork","0"
"debugbar.openhandler","0"
"debugbar.queries.explain","0"
"discussion.edit","0"
"discussion.index","0"
"discussion.update","0"
"discussion-category.index","0"
"discussion-category.show","0"
"discussion-files.create","0"
"discussion-files.edit","0"
"discussion-files.index","0"
"discussion-files.show","0"
"discussion-files.update","0"
"discussion-reply.index","0"
"discussion-reply.show","0"
"document-approvals.approve","0"
"document-approvals.reject","0"
"document-approvals.return","0"
"document-audit.index","0"
"document-comments.destroy","0"
"document-comments.store","0"
"document-comments.update","0"
"document-files.destroy","0"
"document-files.download","0"
"document-files.store","0"
"document-recipients.destroy","0"
"document-recipients.reorder","0"
"document-recipients.store","0"
"document-recipients.update","0"
"documents.apply_quick_action","0"
"documents.pdf","0"
"documents.pdf_regenerate","0"
"documents.timeline","0"
"document-signatures.download","0"
"document-signatures.form","0"
"document-signatures.store","0"
"emergency-contacts.index","0"
"employee-docs.index","0"
"employee-docs.show","0"
"employee-leaves.create","0"
"employee-leaves.destroy","0"
"employee-leaves.edit","0"
"employee-leaves.index","0"
"employee-leaves.show","0"
"employee-leaves.store","0"
"employee-shifts.show","0"
"employee-visa.index","0"
"estimate-template.download","0"
"event-files.create","0"
"event-files.edit","0"
"event-files.index","0"
"event-files.show","0"
"event-files.update","0"
"expenseCategory.edit","0"
"expenseCategory.index","0"
"expenseCategory.show","0"
"expense-report.create","0"
"expense-report.destroy","0"
"expense-report.edit","0"
"expense-report.show","0"
"expense-report.store","0"
"expense-report.update","0"
"file.getFile","0"
"files.create","0"
"files.edit","0"
"files.index","0"
"files.show","0"
"files.store_link","0"
"files.thumbnail","0"
"files.update","0"
"finance-report.create","0"
"finance-report.destroy","0"
"finance-report.edit","0"
"finance-report.show","0"
"finance-report.store","0"
"finance-report.update","0"
"front.check-env","0"
"front.contract.show","0"
"front.estimate.show","0"
"front.gdpr.remove_lead_request","0"
"front.invoice","0"
"front.proposal","0"
"gdpr.create","0"
"gdpr.destroy","0"
"gdpr.edit","0"
"gdpr.show","0"
"gdpr.store","0"
"gdpr.update","0"
"gdpr-settings.create","0"
"gdpr-settings.destroy","0"
"gdpr-settings.edit","0"
"gdpr-settings.show","0"
"gdpr-settings.store","0"
"gdpr-settings.update","0"
"get_flutterwave.webhook","0"
"get_mollie.webhook","0"
"get_payfast.webhook","0"
"get_paypal.webhook","0"
"get_paystack.webhook","0"
"get_razorpay.webhook","0"
"get_stripe_webhook","0"
"google-calendar-settings.create","0"
"google-calendar-settings.destroy","0"
"google-calendar-settings.edit","0"
"google-calendar-settings.show","0"
"google-calendar-settings.update","0"
"hide-review-modal","0"
"hideWebhookAlert","0"
"ignition.executeSolution","0"
"ignition.healthCheck","0"
"ignition.updateConfig","0"
"income-expense-report.create","0"
"income-expense-report.destroy","0"
"income-expense-report.edit","0"
"income-expense-report.show","0"
"income-expense-report.store","0"
"income-expense-report.update","0"
"invoice-files.create","0"
"invoice-files.edit","0"
"invoice-files.index","0"
"invoice-files.show","0"
"invoice-files.update","0"
"invoices.get_exchange_rate","0"
"invoice-settings.create","0"
"invoice-settings.destroy","0"
"invoice-settings.edit","0"
"invoice-settings.show","0"
"invoice-settings.store","0"
"knowledgebase.apply_quick_action","0"
"knowledgebasecategory.edit","0"
"knowledgebasecategory.index","0"
"knowledgebasecategory.show","0"
"knowledgebase-files.create","0"
"knowledgebase-files.edit","0"
"knowledgebase-files.index","0"
"knowledgebase-files.show","0"
"knowledgebase-files.update","0"
"language-settings.show","0"
"LaravelInstaller::final","0"
"LaravelInstaller::requirements","0"
"LaravelInstaller::welcome","0"
"lead-agent-settings.edit","0"
"lead-agent-settings.index","0"
"lead-agent-settings.show","0"
"lead-agent-settings.update","0"
"leadboards.create","0"
"leadboards.destroy","0"
"leadboards.edit","0"
"leadboards.show","0"
"leadboards.store","0"
"leadboards.update","0"
"leadCategory.index","0"
"leadCategory.show","0"
"lead-form.create","0"
"lead-form.destroy","0"
"lead-form.edit","0"
"lead-form.show","0"
"lead-form.store","0"
"lead-notes.index","0"
"lead-pipeline-setting.index","0"
"lead-pipeline-setting.show","0"
"lead-report.create","0"
"lead-report.destroy","0"
"lead-report.edit","0"
"lead-report.index","0"
"lead-report.show","0"
"lead-report.store","0"
"lead-report.update","0"
"lead-settings.create","0"
"lead-settings.destroy","0"
"lead-settings.edit","0"
"lead-settings.show","0"
"lead-settings.store","0"
"lead-settings.update","0"
"lead-source-settings.index","0"
"lead-source-settings.show","0"
"lead-stage-setting.index","0"
"lead-stage-setting.show","0"
"leave-files.create","0"
"leave-files.edit","0"
"leave-files.index","0"
"leave-files.show","0"
"leave-files.update","0"
"leave-report.create","0"
"leave-report.destroy","0"
"leave-report.edit","0"
"leave-report.store","0"
"leave-report.update","0"
"leaves.data","0"
"leaves-settings.create","0"
"leaves-settings.destroy","0"
"leaves-settings.edit","0"
"leaves-settings.show","0"
"leaves-settings.update","0"
"leaveType.index","0"
"leaveType.show","0"
"login.store","0"
"message-file.create","0"
"message-file.edit","0"
"message-file.index","0"
"message-file.show","0"
"message-file.update","0"
"messages.edit","0"
"messages.update","0"
"message-settings.create","0"
"message-settings.destroy","0"
"message-settings.edit","0"
"message-settings.show","0"
"message-settings.store","0"
"milestones.index","0"
"mobile.login","0"
"module-settings.create","0"
"module-settings.destroy","0"
"module-settings.edit","0"
"module-settings.show","0"
"module-settings.store","0"
"notifications.create","0"
"notifications.destroy","0"
"notifications.edit","0"
"notifications.show","0"
"notifications.store","0"
"notifications.update","0"
"oauth2.authorise","0"
"oauth2.authorize","0"
"oauth2.callback","0"
"offline-payment-setting.show","0"
"orders.store_quantity","0"
"passport.index","0"
"passport.show","0"
"password.confirm.store","0"
"password.confirmation","0"
"password.request","0"
"payment-gateway-settings.create","0"
"payment-gateway-settings.destroy","0"
"payment-gateway-settings.edit","0"
"payment-gateway-settings.show","0"
"payment-gateway-settings.store","0"
"paypal_recurring","0"
"productCategory.edit","0"
"productCategory.index","0"
"productCategory.show","0"
"product-files.create","0"
"product-files.delete_image","0"
"product-files.download","0"
"product-files.edit","0"
"product-files.index","0"
"product-files.show","0"
"product-files.update","0"
"productSubCategory.edit","0"
"productSubCategory.index","0"
"productSubCategory.show","0"
"profile.create","0"
"profile.destroy","0"
"profile.edit","0"
"profile.index","0"
"profile.show","0"
"profile.store","0"
"profile-settings.create","0"
"profile-settings.destroy","0"
"profile-settings.edit","0"
"profile-settings.show","0"
"profile-settings.store","0"
"profile-settings.update","0"
"project_template_task.data","0"
"project-calendar.create","0"
"project-calendar.destroy","0"
"project-calendar.edit","0"
"project-calendar.show","0"
"project-calendar.store","0"
"project-calendar.update","0"
"projectCategory.index","0"
"projectCategory.show","0"
"project-members.edit","0"
"project-members.index","0"
"project-members.show","0"
"project-notes.index","0"
"project-ratings.create","0"
"project-ratings.edit","0"
"project-ratings.index","0"
"project-ratings.show","0"
"project-settings.show","0"
"project-template-member.edit","0"
"project-template-member.index","0"
"project-template-member.show","0"
"project-template-member.update","0"
"project-template-sub-task.create","0"
"project-template-sub-task.index","0"
"project-template-sub-task.show","0"
"project-template-sub-task.update","0"
"project-template-task.index","0"
"public.documents.approve","0"
"public.documents.download","0"
"public.documents.reject","0"
"public.documents.show","0"
"public.documents.sign","0"
"pusher-settings.create","0"
"pusher-settings.destroy","0"
"pusher-settings.edit","0"
"pusher-settings.index","0"
"pusher-settings.show","0"
"pusher-settings.store","0"
"push-notification-settings.create","0"
"push-notification-settings.destroy","0"
"push-notification-settings.edit","0"
"push-notification-settings.index","0"
"push-notification-settings.show","0"
"push-notification-settings.store","0"
"quickbooks-settings.create","0"
"quickbooks-settings.destroy","0"
"quickbooks-settings.edit","0"
"quickbooks-settings.index","0"
"quickbooks-settings.show","0"
"quickbooks-settings.store","0"
"recurring_invoice.export","0"
"recurring_invoice.recurring_invoice","0"
"register.store","0"
"replyTemplates.index","0"
"replyTemplates.show","0"
"role-permissions.destroy","0"
"role-permissions.edit","0"
"role-permissions.show","0"
"sales-report.create","0"
"sales-report.destroy","0"
"sales-report.edit","0"
"sales-report.show","0"
"sales-report.store","0"
"sales-report.update","0"
"sanctum.csrf-cookie","0"
"search.create","0"
"search.destroy","0"
"search.edit","0"
"search.show","0"
"search.update","0"
"security-settings.create","0"
"security-settings.destroy","0"
"security-settings.edit","0"
"security-settings.show","0"
"security-settings.store","0"
"settings.change_language","0"
"settings.edit","0"
"settings.index","0"
"settings.update","0"
"shifts.edit","0"
"shifts.show","0"
"shifts-change.create","0"
"shifts-change.show","0"
"shifts-change.store","0"
"slack-settings.create","0"
"slack-settings.destroy","0"
"slack-settings.edit","0"
"slack-settings.index","0"
"slack-settings.show","0"
"slack-settings.store","0"
"smtp-settings.create","0"
"smtp-settings.destroy","0"
"smtp-settings.edit","0"
"smtp-settings.index","0"
"smtp-settings.show","0"
"smtp-settings.store","0"
"storage-settings.create","0"
"storage-settings.destroy","0"
"storage-settings.edit","0"
"storage-settings.show","0"
"storage-settings.update","0"
"sub-task-files.create","0"
"sub-task-files.edit","0"
"sub-task-files.index","0"
"sub-task-files.show","0"
"sub-task-files.update","0"
"sub-tasks.create","0"
"sub-tasks.index","0"
"sync_user_permissions","0"
"taskboards.show","0"
"task-calendar.create","0"
"task-calendar.destroy","0"
"task-calendar.edit","0"
"task-calendar.show","0"
"task-calendar.store","0"
"task-calendar.update","0"
"taskCategory.edit","0"
"taskCategory.index","0"
"taskCategory.show","0"
"taskComment.create","0"
"taskComment.index","0"
"taskComment.show","0"
"task-files.create","0"
"task-files.edit","0"
"task-files.index","0"
"task-files.update","0"
"task-label.edit","0"
"task-label.index","0"
"task-label.show","0"
"task-note.create","0"
"task-note.index","0"
"task-note.show","0"
"task-report.create","0"
"task-report.destroy","0"
"task-report.edit","0"
"task-report.show","0"
"task-report.store","0"
"task-report.update","0"
"taxes.show","0"
"theme-settings.create","0"
"theme-settings.destroy","0"
"theme-settings.edit","0"
"theme-settings.show","0"
"theme-settings.update","0"
"ticket-agents.edit","0"
"ticket-agents.index","0"
"ticket-agents.show","0"
"ticketChannels.index","0"
"ticketChannels.show","0"
"ticket-email-settings.create","0"
"ticket-email-settings.destroy","0"
"ticket-email-settings.edit","0"
"ticket-email-settings.index","0"
"ticket-email-settings.show","0"
"ticket-email-settings.store","0"
"ticket-files.create","0"
"ticket-files.edit","0"
"ticket-files.index","0"
"ticket-files.show","0"
"ticket-files.update","0"
"ticket-form.create","0"
"ticket-form.destroy","0"
"ticket-form.edit","0"
"ticket-form.show","0"
"ticket-form.store","0"
"ticket-groups.index","0"
"ticket-groups.show","0"
"ticket-replies.create","0"
"ticket-replies.edit","0"
"ticket-replies.index","0"
"ticket-replies.show","0"
"ticket-replies.store","0"
"ticket-replies.update","0"
"tickets.edit","0"
"ticket-settings.create","0"
"ticket-settings.destroy","0"
"ticket-settings.edit","0"
"ticket-settings.show","0"
"ticket-settings.store","0"
"ticket-settings.update","0"
"ticketTypes.index","0"
"ticketTypes.show","0"
"timelog-break.create","0"
"timelog-break.index","0"
"timelog-break.show","0"
"timelog-break.store","0"
"timelog-calendar.create","0"
"timelog-calendar.destroy","0"
"timelog-calendar.edit","0"
"timelog-calendar.show","0"
"timelog-calendar.store","0"
"timelog-calendar.update","0"
"time-log-report.create","0"
"time-log-report.destroy","0"
"time-log-report.edit","0"
"time-log-report.show","0"
"time-log-report.store","0"
"time-log-report.update","0"
"timelog-settings.create","0"
"timelog-settings.destroy","0"
"timelog-settings.edit","0"
"timelog-settings.show","0"
"timelog-settings.update","0"
"two-factor.confirm","0"
"two-factor.disable","0"
"two-factor.login.store","0"
"two-factor.qr-code","0"
"two-factor.recovery-codes","0"
"two-factor.regenerate-recovery-codes","0"
"two-factor.secret-key","0"
"two-fa-settings.create","0"
"two-fa-settings.destroy","0"
"two-fa-settings.edit","0"
"two-fa-settings.index","0"
"two-fa-settings.show","0"
"two-fa-settings.store","0"
"unit-type.index","0"
"unit-type.show","0"
"update-database","0"
"update-settings.create","0"
"update-settings.destroy","0"
"update-settings.edit","0"
"update-settings.install","0"
"update-settings.show","0"
"update-settings.update","0"
"user-password.update","0"
"user-permissions.create","0"
"user-permissions.destroy","0"
"user-permissions.edit","0"
"user-permissions.index","0"
"user-permissions.show","0"
"user-permissions.store","0"
"user-profile-information.update","0"
"verification.notice","0"
"verification.send","0"
"verification.verify","0"
"whatsapp.send-message","0"
"whatsapp_settings.send_test_notification","0"
"whatsapp-settings.create","0"
"whatsapp-settings.destroy","0"
"whatsapp-settings.edit","0"
"whatsapp-settings.index","0"
"whatsapp-settings.show","0"
"whatsapp-settings.store","0"
"2fa_codes_download","1"
"accept_invite","1"
"account.live-tracking","1"
"account_unverified","1"
"admin.updateVersion.checkSupport","1"
"admin.updateVersion.notify","1"
"admin.updateVersion.refresh","1"
"appreciations.apply_quick_action","1"
"appreciations.store","1"
"appreciations.update","1"
"app-settings.delete_sessions","1"
"attendance-report.index","1"
"attendances.bulk_mark","1"
"attendances.clock_in_modal","1"
"attendances.destroy","1"
"attendances.employee_data","1"
"attendances.export_attendance","1"
"attendances.import.process","1"
"attendances.import.store","1"
"attendances.store_clock_in","1"
"attendances.update","1"
"attendances.update_clock_in","1"
"attendance-settings.update","1"
"awards.apply_quick_action","1"
"awards.create","1"
"awards.quick-store","1"
"awards.show","1"
"awards.store","1"
"awards.update","1"
"bankaccounts.apply_quick_action","1"
"bankaccounts.apply_transaction_quick_action","1"
"bankaccounts.change_status","1"
"bankaccounts.create","1"
"bankaccounts.destroy","1"
"bankaccounts.destroy_transaction","1"
"bankaccounts.edit","1"
"bankaccounts.generate_statement","1"
"bankaccounts.get_bank_statement","1"
"bankaccounts.store","1"
"bankaccounts.store_transaction","1"
"bankaccounts.update","1"
"business-address.create","1"
"business-address.destroy","1"
"business-address.edit","1"
"business-address.set_default","1"
"business-address.store","1"
"business-address.update","1"
"calendar.index","1"
"cashier.payment","1"
"check_email","1"
"clientCategory.update","1"
"client-contacts.apply_quick_action","1"
"client-contacts.create","1"
"client-contacts.destroy","1"
"client-contacts.edit","1"
"client-contacts.store","1"
"client-contacts.update","1"
"client-docs.create","1"
"client-docs.update","1"
"client-notes.edit","1"
"client-notes.store","1"
"client-notes.update","1"
"clients.apply_quick_action","1"
"clients.destroy","1"
"clients.finance_count","1"
"clients.gdpr_consent","1"
"clients.import","1"
"clients.import.process","1"
"clients.import.store","1"
"clients.save_client_consent","1"
"clients.update","1"
"clientSubCategory.update","1"
"company-settings.update","1"
"companySignStore.sign","1"
"contract_template.apply_quick_action","1"
"contractDiscussions.destroy","1"
"contractDiscussions.edit","1"
"contractDiscussions.store","1"
"contractDiscussions.update","1"
"contractFiles.destroy","1"
"contractFiles.store","1"
"contract-renew.destroy","1"
"contract-renew.edit","1"
"contract-renew.store","1"
"contract-renew.update","1"
"contracts.apply_quick_action","1"
"contracts.company_sig","1"
"contracts.store","1"
"contracts.update","1"
"contract-settings.index","1"
"contract-settings.update","1"
"contract-template.create","1"
"contract-template.destroy","1"
"contract-template.edit","1"
"contract-template.store","1"
"contract-template.update","1"
"contractTypes.destroy","1"
"contractTypes.store","1"
"contractTypes.update","1"
"creditnotes.apply_invoice_credit","1"
"creditnotes.apply_to_invoice","1"
"creditnotes.convert-invoice","1"
"creditnotes.credited_invoices","1"
"creditnotes.delete_credited_invoice","1"
"creditnotes.edit","1"
"creditnotes.store_file","1"
"creditnotes.update","1"
"crm.calendar.events","1"
"currency_settings.exchange_key_store","1"
"currency_settings.update_exchange_rates","1"
"currency-settings.create","1"
"currency-settings.destroy","1"
"currency-settings.index","1"
"currency-settings.store","1"
"currency-settings.update","1"
"custom-fields.create","1"
"custom-fields.destroy","1"
"custom-fields.edit","1"
"custom-fields.store","1"
"custom-fields.update","1"
"custom-link-settings.create","1"
"custom-link-settings.destroy","1"
"custom-link-settings.index","1"
"custom-link-settings.store","1"
"custom-link-settings.update","1"
"custom-modules.create","1"
"custom-modules.show","1"
"custom-modules.store","1"
"custom-modules.update","1"
"custom-modules.verify_purchase","1"
"dashboard.week_timelog","1"
"database-backup-settings.create","1"
"database-backup-settings.create_backup","1"
"database-backup-settings.delete","1"
"database-backup-settings.download","1"
"database-backup-settings.index","1"
"database-backup-settings.store","1"
"deal-files.create","1"
"deal-files.destroy","1"
"deal-files.layout","1"
"deal-files.store","1"
"deal-notes.apply_quick_action","1"
"deal-notes.create","1"
"deal-notes.destroy","1"
"deal-notes.edit","1"
"deal-notes.store","1"
"deal-notes.update","1"
"deals.change_follow_up_status","1"
"deals.filter_options","1"
"deals.follow_up_delete","1"
"deals.follow_up_edit","1"
"deals.follow_up_store","1"
"deals.follow_up_update","1"
"deals.gdpr_consent","1"
"deals.get-deals","1"
"deals.import.process","1"
"deals.import.store","1"
"deals.save_lead_consent","1"
"deals.update","1"
"departments.apply_quick_action","1"
"departments.search","1"
"departments.store","1"
"departments.update","1"
"designation.srchFilter","1"
"designations.apply_quick_action","1"
"designations.store","1"
"designations.update","1"
"discussion.create","1"
"discussion.destroy","1"
"discussion.store","1"
"discussion_file.download","1"
"discussion-category.create","1"
"discussion-category.destroy","1"
"discussion-category.edit","1"
"discussion-category.store","1"
"discussion-category.update","1"
"discussion-files.destroy","1"
"discussion-reply.create","1"
"discussion-reply.destroy","1"
"discussion-reply.edit","1"
"discussion-reply.update","1"
"documents.cancel","1"
"documents.create","1"
"documents.destroy","1"
"documents.send","1"
"documents.store","1"
"documents.update","1"
"document-templates.create","1"
"document-templates.destroy","1"
"document-templates.duplicate","1"
"document-templates.preview","1"
"document-templates.store","1"
"document-templates.update","1"
"emergency-contacts.store","1"
"emergency-contacts.update","1"
"employee-docs.create","1"
"employee-docs.update","1"
"employees.apply_quick_action","1"
"employees.assign_role","1"
"employees.create_link","1"
"employees.destroy","1"
"employees.import","1"
"employees.import.process","1"
"employees.import.store","1"
"employees.invite_member","1"
"employees.send_invite","1"
"employees.update","1"
"employee-shifts.create","1"
"employee-shifts.destroy","1"
"employee-shifts.edit","1"
"employee-shifts.index","1"
"employee-shifts.set_default","1"
"employee-shifts.store","1"
"employee-shifts.update","1"
"employee-visa.create","1"
"employee-visa.show","1"
"employee-visa.store","1"
"employee-visa.update","1"
"estimates.accept","1"
"estimates.add_item","1"
"estimates.decline","1"
"estimates.delete_image","1"
"estimates.store","1"
"estimate-template.add_item","1"
"estimate-template.create","1"
"estimate-template.delete_image","1"
"estimate-template.destroy","1"
"estimate-template.edit","1"
"estimate-template.show","1"
"estimate-template.store","1"
"estimate-template.update","1"
"events.create","1"
"events.destroy","1"
"events.edit","1"
"events.monthly_on","1"
"events.store","1"
"events.update","1"
"events.update_status","1"
"expense-report.chart","1"
"expenses.store","1"
"expenses.update","1"
"files.destroy","1"
"files.multiple_upload","1"
"files.store","1"
"finance-report.chart","1"
"finance-report.index","1"
"flutterwave.webhook","1"
"front.changeLang","1"
"front.contract.download","1"
"front.contract.sign","1"
"front.download_proposal","1"
"front.estimate.accept","1"
"front.estimate.decline","1"
"front.estimate.download","1"
"front.gantt","1"
"front.gantt_data","1"
"front.gdpr.consent","1"
"front.gdpr.consent.update","1"
"front.invoice_download","1"
"front.lead_store","1"
"front.save_stripe_detail","1"
"front.stripe_modal","1"
"front.taskboard.load_more","1"
"front.ticket_store","1"
"gdpr.add_consent","1"
"gdpr.customer.approve_reject","1"
"gdpr.edit_consent","1"
"gdpr.lead.approve_reject","1"
"gdpr.store_consent","1"
"gdpr.update_client_consent","1"
"gdpr.update_consent","1"
"gdpr_settings.purpose_delete","1"
"get.projects","1"
"get.projects-ajax","1"
"googleAuth.destroy","1"
"google-calendar-settings.store","1"
"holidays.apply_quick_action","1"
"holidays.mark_holiday_store","1"
"holidays.store","1"
"holidays.update","1"
"image.getImage","1"
"image.store","1"
"import.process.exception","1"
"import.process.progress","1"
"invoice_settings.update_prefix","1"
"invoice_settings.update_template","1"
"invoice-files.destroy","1"
"invoices.applied_credits","1"
"invoices.check_shipping_address","1"
"invoices.delete_applied_credit","1"
"invoices.delete_image","1"
"invoices.fetch_timelogs","1"
"invoices.offline_method_description","1"
"invoices.offline_payment_modal","1"
"invoices.save_stripe_detail","1"
"invoices.store_file","1"
"invoices.stripe_modal","1"
"invoices.update","1"
"invoice-settings.update","1"
"knowledgebase.create","1"
"knowledgebase.searchQuery","1"
"knowledgebase.store","1"
"knowledgebase.update","1"
"knowledgebasecategory.destroy","1"
"knowledgebasecategory.store","1"
"knowledgebasecategory.update","1"
"language_settings.auto_translate","1"
"language_settings.auto_translate_update","1"
"language_settings.create_en_locale","1"
"language_settings.fix_translation","1"
"language_settings.update_data","1"
"language-settings.create","1"
"language-settings.destroy","1"
"language-settings.edit","1"
"language-settings.store","1"
"language-settings.update","1"
"LaravelInstaller::database","1"
"LaravelInstaller::environment","1"
"LaravelInstaller::permissions","1"
"lead_agent.categories","1"
"lead_agents.update_category","1"
"lead_agents.update_status","1"
"lead-agent-settings.store","1"
"leadboards.collapse_column","1"
"leadboards.load_more","1"
"leadboards.update_index","1"
"leadCategory.destroy","1"
"leadCategory.edit","1"
"leadCategory.store","1"
"leadCategory.update","1"
"lead-contact.apply_quick_action","1"
"lead-contact.convert_to_client","1"
"lead-contact.edit","1"
"lead-contact.follow_up_delete","1"
"lead-contact.follow_up_store","1"
"lead-contact.follow_up_update","1"
"lead-contact.import","1"
"lead-contact.import.process","1"
"lead-contact.import.store","1"
"lead-contact.quick_update","1"
"lead-contact.update","1"
"lead-form.sortFields","1"
"lead-form.update","1"
"lead-notes.ask_for_password","1"
"lead-notes.check_password","1"
"lead-notes.edit","1"
"lead-notes.store","1"
"lead-notes.update","1"
"lead-pipeline-setting.create","1"
"lead-pipeline-setting.edit","1"
"lead-pipeline-setting.store","1"
"lead-pipeline-setting.update","1"
"lead-pipeline-update.stageUpdate","1"
"lead-source-settings.destroy","1"
"lead-source-settings.edit","1"
"lead-source-settings.store","1"
"lead-source-settings.update","1"
"lead-stage-setting.stageUpdate","1"
"lead-stage-setting.store","1"
"leave-report.employee-leave-quota","1"
"leaves.date","1"
"leaves.store","1"
"leaves.update","1"
"leaves-settings.changePermission","1"
"leaves-settings.store","1"
"leaveType.destroy","1"
"leaveType.edit","1"
"leaveType.store","1"
"leaveType.update","1"
"mark_notification_read","1"
"mark_single_notification_read","1"
"message_file.download","1"
"message-file.destroy","1"
"messages.check_new_message","1"
"messages.destroy","1"
"messages.fetch_messages","1"
"messages.fetch_user_list","1"
"messages.show","1"
"message-settings.index","1"
"message-settings.update","1"
"milestones.create","1"
"milestones.destroy","1"
"milestones.edit","1"
"milestones.store","1"
"milestones.update","1"
"module-settings.update","1"
"mollie.webhook","1"
"notices.apply_quick_action","1"
"notices.create","1"
"notices.store","1"
"notices.update","1"
"offline-payment-setting.create","1"
"offline-payment-setting.destroy","1"
"offline-payment-setting.edit","1"
"offline-payment-setting.index","1"
"offline-payment-setting.store","1"
"offline-payment-setting.update","1"
"orders.make_invoice","1"
"orders.offline_payment_modal","1"
"orders.save_stripe_detail","1"
"orders.stripe_modal","1"
"orders.update","1"
"passport.create","1"
"passport.destroy","1"
"passport.edit","1"
"passport.store","1"
"passport.update","1"
"password.reset","1"
"payfast.webhook","1"
"payment-gateway-settings.update","1"
"payments.download","1"
"payments.save_bulk_payments","1"
"payments.store","1"
"paypal.webhook","1"
"paypal_public","1"
"paystack.webhook","1"
"productCategory.destroy","1"
"productCategory.store","1"
"productCategory.update","1"
"product-files.destroy","1"
"product-files.store","1"
"product-files.update_images","1"
"products.apply_quick_action","1"
"products.cart","1"
"products.empty_cart","1"
"products.options","1"
"products.update","1"
"productSubCategory.destroy","1"
"productSubCategory.store","1"
"profile.dark_theme","1"
"profile.update_onesignal_id","1"
"project_notes.apply_quick_action","1"
"project_notes.ask_for_password","1"
"project_template.apply_quick_action","1"
"project_template_members.store_group","1"
"projectCategory.edit","1"
"projectCategory.store","1"
"project-members.create","1"
"project-members.destroy","1"
"project-members.store","1"
"project-members.store_group","1"
"project-members.update","1"
"project-notes.create","1"
"project-notes.destroy","1"
"project-notes.edit","1"
"project-notes.store","1"
"project-notes.update","1"
"project-ratings.destroy","1"
"project-ratings.store","1"
"project-ratings.update","1"
"projects.burndown","1"
"projects.destroy_pin","1"
"projects.duplicate_project","1"
"projects.gantt_data","1"
"projects.import.process","1"
"projects.import.store","1"
"projects.store_pin","1"
"projects.update","1"
"projects.update_status","1"
"project-settings.changeStatus","1"
"project-settings.create","1"
"project-settings.createCategory","1"
"project-settings.destroy","1"
"project-settings.edit","1"
"project-settings.saveProjectCategory","1"
"project-settings.setDefault","1"
"project-settings.statusUpdate","1"
"project-settings.store","1"
"project-settings.update","1"
"project-template.create","1"
"project-template.destroy","1"
"project-template.store","1"
"project-template.update","1"
"project-template-member.create","1"
"project-template-member.destroy","1"
"project-template-member.store","1"
"project-template-sub-task.destroy","1"
"project-template-sub-task.edit","1"
"project-template-sub-task.store","1"
"project-template-task.create","1"
"project-template-task.destroy","1"
"project-template-task.store","1"
"project-template-task.update","1"
"proposal_template.delete_image","1"
"proposals.add_item","1"
"proposals.delete_image","1"
"proposals.store","1"
"proposals.update","1"
"proposal-template.add_item","1"
"proposal-template.create","1"
"proposal-template.destroy","1"
"proposal-template.download","1"
"proposal-template.edit","1"
"proposal-template.store","1"
"proposal-template.update","1"
"push_notification_settings.send_test_notification","1"
"pusher-settings.update","1"
"push-notification-settings.update","1"
"quickbooks-settings.update","1"
"razorpay.webhook","1"
"recurring_invoice.change_status","1"
"recurring-expenses.change_status","1"
"recurring-expenses.create","1"
"recurring-expenses.destroy","1"
"recurring-expenses.edit","1"
"recurring-expenses.index","1"
"recurring-expenses.store","1"
"recurring-expenses.update","1"
"recurring-invoices.create","1"
"recurring-invoices.destroy","1"
"recurring-invoices.edit","1"
"recurring-invoices.store","1"
"recurring-invoices.update","1"
"replyTemplates.create","1"
"replyTemplates.destroy","1"
"replyTemplates.edit","1"
"replyTemplates.fetchTemplate","1"
"replyTemplates.store","1"
"replyTemplates.update","1"
"resend_code","1"
"role-permissions.create","1"
"role-permissions.custom_permissions","1"
"role-permissions.delete_role","1"
"role-permissions.index","1"
"role-permissions.permissions","1"
"role-permissions.reset_permissions","1"
"role-permissions.store","1"
"role-permissions.store_role","1"
"role-permissions.update","1"
"sales-report.index","1"
"search.index","1"
"search.store","1"
"security-settings.update","1"
"settings.change-qr-code-status","1"
"shifts.bulk_shift","1"
"shifts.create","1"
"shifts.destroy","1"
"shifts.employee_shift_calendar","1"
"shifts.export_all","1"
"shifts.update","1"
"shifts-change.apply_quick_action","1"
"shifts-change.destroy","1"
"shifts-change.edit","1"
"shifts-change.update","1"
"show_notifications","1"
"sign-up-settings.index","1"
"sign-up-settings.update","1"
"slack-settings.update","1"
"smtp_settings.send_test_mail","1"
"smtp_settings.show_send_test_mail_modal","1"
"smtp-settings.update","1"
"social-auth-settings.update","1"
"square.webhook","1"
"sticky-notes.create","1"
"sticky-notes.show","1"
"sticky-notes.store","1"
"sticky-notes.update","1"
"storage-settings.aws_local_to_aws","1"
"storage-settings.aws_local_to_aws_modal","1"
"storage-settings.aws_test","1"
"storage-settings.aws_test_modal","1"
"storage-settings.index","1"
"storage-settings.store","1"
"stripe.webhook","1"
"stripe_public","1"
"sub_tasks.change_status","1"
"sub-task-files.destroy","1"
"sub-tasks.destroy","1"
"sub-tasks.edit","1"
"sub-tasks.show","1"
"sub-tasks.store","1"
"taskboards.update_index","1"
"taskComment.destroy","1"
"taskComment.edit","1"
"taskComment.save_comment_like","1"
"taskComment.store","1"
"task-files.destroy","1"
"task-files.show","1"
"task-label.destroy","1"
"task-note.destroy","1"
"task-note.edit","1"
"task-note.store","1"
"task-report.chart","1"
"task-report.index","1"
"tasks.check_task","1"
"tasks.destroy_pin","1"
"tasks.reminder","1"
"tasks.store_pin","1"
"tasks.update","1"
"task-settings.index","1"
"task-settings.store","1"
"taxes.destroy","1"
"taxes.edit","1"
"taxes.index","1"
"ticket_agents.agent_groups","1"
"ticket_agents.update_group","1"
"ticket-agents.destroy","1"
"ticket-agents.store","1"
"ticket-agents.update","1"
"ticketChannels.destroy","1"
"ticketChannels.edit","1"
"ticketChannels.store","1"
"ticketChannels.update","1"
"ticket-email-settings.update","1"
"ticket-files.destroy","1"
"ticket-files.download","1"
"ticket-form.sort_fields","1"
"ticket-form.update","1"
"ticket-groups.edit","1"
"ticket-groups.store","1"
"ticket-groups.update","1"
"ticket-replies.destroy","1"
"tickets.store","1"
"tickets.update","1"
"tickets.update_other_data","1"
"ticketTypes.destroy","1"
"ticketTypes.edit","1"
"ticketTypes.store","1"
"ticketTypes.update","1"
"timelog-break.destroy","1"
"timelog-break.edit","1"
"timelog-break.update","1"
"time-log-report.chart","1"
"time-log-report.time","1"
"timelogs.by_employee","1"
"timelogs.employee_data","1"
"timelogs.export","1"
"timelogs.show_active_timer","1"
"timelogs.show_timer","1"
"timelogs.store","1"
"timelogs.timer_data","1"
"timelogs.update","1"
"timelogs.user_time_logs","1"
"timelog-settings.index","1"
"timelog-settings.store","1"
"two-factor.enable","1"
"two-fa-settings.confirm","1"
"two-fa-settings.email_confirm","1"
"two-fa-settings.update","1"
"two-fa-settings.validate_confirm","1"
"two-fa-settings.validate_email_confirm","1"
"unit-type.create","1"
"unit-type.destroy","1"
"unit-type.edit","1"
"unit-type.set_default","1"
"unit-type.store","1"
"update-settings.deleteFile","1"
"update-settings.store","1"
"user-permissions.custom_permissions","1"
"user-permissions.reset_permissions","1"
"user-permissions.update","1"
"verify_2fa_password","1"
"verify_google_recaptcha_v3","1"
"verify-purchase","1"
"whatsapp.send_otp","1"
"whatsapp.verify_otp","1"
"whatsapp-settings.connection-status","1"
"whatsapp-settings.update","1"
"admin.updateVersion.checkIfFileExtracted","2"
"admin.updateVersion.download","2"
"admin.updateVersion.downloadPercent","2"
"admin.updateVersion.install","2"
"admin.updateVersion.update","2"
"all-notifications","2"
"appreciations.create","2"
"attendances.add-user-attendance","2"
"attendances.check_half_day","2"
"attendances.export_all_attendance","2"
"attendances.store","2"
"authorize_public","2"
"awards.change-status","2"
"awards.destroy","2"
"awards.edit","2"
"awards.quick-create","2"
"bankaccounts.view_transaction","2"
"business-address.index","2"
"check_code","2"
"checklist","2"
"clientCategory.create","2"
"clientCategory.destroy","2"
"clientCategory.store","2"
"client-docs.destroy","2"
"client-docs.edit","2"
"client-docs.store","2"
"client-notes.create","2"
"client-notes.show_verified","2"
"clients.approve","2"
"clients.client_details","2"
"clients.edit","2"
"clientSubCategory.create","2"
"clientSubCategory.destroy","2"
"clientSubCategory.store","2"
"company-settings.index","2"
"companySign.sign","2"
"contractFiles.download","2"
"contracts.destroy","2"
"contracts.download","2"
"contracts.edit","2"
"contracts.project_detail","2"
"contracts.sign","2"
"contract-template.show","2"
"creditnotes.destroy","2"
"creditnotes.download","2"
"creditnotes.file_upload","2"
"creditnotes.store","2"
"currency_settings.exchange_rate","2"
"currency-settings.edit","2"
"custom-fields.index","2"
"custom-link-settings.edit","2"
"dashboard.private_calendar","2"
"deals.apply_quick_action","2"
"deals.change_stage","2"
"deals.edit","2"
"deals.get_agents","2"
"deals.import","2"
"deals.store","2"
"department.changeParent","2"
"departments.destroy","2"
"departments.edit","2"
"departments.members","2"
"departments.show","2"
"designation.changeParent","2"
"designations.destroy","2"
"designations.edit","2"
"designations.show","2"
"discussion.set_best_answer","2"
"discussion-reply.get_replies","2"
"discussion-reply.store","2"
"documents.edit","2"
"emergency-contacts.create","2"
"emergency-contacts.destroy","2"
"emergency-contacts.edit","2"
"emergency-contacts.show","2"
"employee-docs.destroy","2"
"employee-docs.edit","2"
"employee-docs.store","2"
"employee-leaves.employee_leave_types","2"
"employee-leaves.update","2"
"employees.by_department","2"
"employees.edit","2"
"employees.store","2"
"employee-visa.destroy","2"
"employee-visa.edit","2"
"estimates.download","2"
"estimates.edit","2"
"event-files.destroy","2"
"event-files.store","2"
"events.event_status_note","2"
"expenseCategory.destroy","2"
"expenseCategory.store","2"
"expense-report.expense_category_report","2"
"expenses.create","2"
"files.download","2"
"flutterwave.callback","2"
"flutterwave_public","2"
"front.proposal_action","2"
"front.taskboard","2"
"gdpr.export_data","2"
"gdpr_settings.apply_quick_action","2"
"get_client_sub_categories","2"
"get_paypal_status","2"
"get_product_sub_categories","2"
"google-calendar-settings.index","2"
"holidays.destroy","2"
"holidays.edit","2"
"holidays.mark_holiday","2"
"invitation","2"
"invoice-files.download","2"
"invoice-files.store","2"
"invoices.add_shipping_address","2"
"invoices.get_client_company","2"
"invoices.store_offline_payment","2"
"knowledgebase.destroy","2"
"knowledgebase-files.destroy","2"
"knowledgebase-files.store","2"
"language-settings.index","2"
"LaravelInstaller::environmentSave","2"
"lead-agent-settings.destroy","2"
"lead-contact.change_follow_up_status","2"
"lead-contact.destroy","2"
"lead-contact.follow_up","2"
"lead-contact.store","2"
"lead-form.index","2"
"lead-notes.apply_quick_action","2"
"lead-notes.create","2"
"lead-notes.destroy","2"
"lead-pipeline-setting.destroy","2"
"lead-stage-setting.destroy","2"
"lead-stage-setting.edit","2"
"lead-stage-setting.update","2"
"leave-files.destroy","2"
"leave-files.download","2"
"leave-files.store","2"
"leave-report.leave_quota","2"
"leaves.apply_quick_action","2"
"leaves.pre_approve_leave","2"
"leaves.view_related_leave","2"
"logout","2"
"message-file.store","2"
"messages.create","2"
"messages.store","2"
"milestones.by_project","2"
"mollie.callback","2"
"mollie_public","2"
"notices.destroy","2"
"notices.edit","2"
"orders.download","2"
"orders.edit","2"
"orders.payment_failed","2"
"password.confirm","2"
"password.email","2"
"password.update","2"
"payfast.callback","2"
"payments.add_bulk_payments","2"
"paypal","2"
"paystack.callback","2"
"paystack_public","2"
"productCategory.create","2"
"products.destroy","2"
"products.edit","2"
"products.store","2"
"productSubCategory.create","2"
"productSubCategory.update","2"
"profile.update","2"
"projectCategory.destroy","2"
"projectCategory.update","2"
"projects.archive_restore","2"
"projects.assign_project_admin","2"
"projects.change_status","2"
"projects.edit","2"
"projects.import","2"
"projects.invoice_list","2"
"projects.members","2"
"projects.pendingTasks","2"
"projects.store","2"
"project-template.edit","2"
"project-template-task.edit","2"
"project-template-task.show","2"
"proposal_template.apply_quick_action","2"
"proposals.download","2"
"proposals.edit","2"
"proposals.send_proposal","2"
"proposal-template.show","2"
"purchase-verified","2"
"quickbooks.index","2"
"settings.qr-login","2"
"setup_account","2"
"shifts.store","2"
"shifts-change.approve_request","2"
"shifts-change.decline_request","2"
"slack_settings.send_test_notification","2"
"square.callback","2"
"sticky-notes.destroy","2"
"sticky-notes.edit","2"
"sub-task-files.store","2"
"taskboards.collapse_column","2"
"taskboards.create","2"
"taskboards.destroy","2"
"taskboards.edit","2"
"taskboards.load_more","2"
"taskboards.store","2"
"taskboards.update","2"
"taskCategory.store","2"
"taskCategory.update","2"
"taskComment.update","2"
"task-label.store","2"
"task-note.update","2"
"tasks.clientDetail","2"
"tasks.gantt_task_update","2"
"tasks.members","2"
"tasks.store","2"
"taxes.store","2"
"taxes.update","2"
"theme-settings.store","2"
"ticket-files.store","2"
"ticket-groups.destroy","2"
"tickets.agent_group","2"
"tickets.change-status","2"
"timelog-calendar.index","2"
"time-log-consolidated.report","2"
"update-settings.index","2"
"appreciations.destroy","3"
"appreciations.edit","3"
"async-options.index","3"
"attendances.create","3"
"attendances.edit","3"
"attendances.import","3"
"attendances.mark","3"
"bankaccounts.create_transaction","3"
"client-docs.download","3"
"client-notes.apply_quick_action","3"
"client-notes.destroy","3"
"clients.store","3"
"currency_settings.exchange_key","3"
"deal-files.download","3"
"deal-notes.show","3"
"deals.follow_up","3"
"department.hierarchy","3"
"designation.hierarchy","3"
"discussion-files.store","3"
"document-templates.edit","3"
"document-templates.index","3"
"document-templates.show","3"
"employee-docs.download","3"
"estimates.change_status","3"
"estimates.destroy","3"
"estimates.send_estimate","3"
"estimates.update","3"
"event-files.download","3"
"expenseCategory.update","3"
"expense-report.index","3"
"expenses.edit","3"
"expenses.get_category_employees","3"
"front.authorize_modal","3"
"front.flutterwave_modal","3"
"front.invoice_payment_failed","3"
"front.mollie_modal","3"
"front.paystack_modal","3"
"front.task_detail","3"
"googleAuth","3"
"holidays.create","3"
"holidays.table_view","3"
"income-expense-report.index","3"
"invoices.store","3"
"invoices.toggle_shipping_address","3"
"knowledgebasecategory.create","3"
"knowledgebase-files.download","3"
"lead-agent-settings.create","3"
"lead-contact.create","3"
"lead-contact.follow_up_edit","3"
"lead-notes.show","3"
"lead-stage-setting.create","3"
"leave-report.index","3"
"leave-report.show","3"
"leaves.create","3"
"leaves.edit","3"
"leaves.leave_action","3"
"leaves.personal","3"
"leaves-settings.index","3"
"leaveType.create","3"
"milestones.show","3"
"orders.add_item","3"
"orders.create","3"
"orders.store","3"
"pay_with_razorpay","3"
"payfast_public","3"
"payments.apply_quick_action","3"
"payments.destroy","3"
"products.add_cart_item","3"
"project_notes.check_password","3"
"project-notes.show","3"
"projects.archive","3"
"projects.archive_delete","3"
"projects.labels","3"
"proposals.create","3"
"proposals.destroy","3"
"quickbooks.callback","3"
"register","3"
"security-settings.index","3"
"shifts.mark","3"
"square_public","3"
"sub-tasks.update","3"
"taskCategory.destroy","3"
"task-files.store","3"
"task-label.update","3"
"tasks.edit","3"
"ticket-agents.create","3"
"ticketChannels.create","3"
"tickets.refresh_count","3"
"ticketTypes.create","3"
"timelogs.apply_quick_action","3"
"timelogs.edit","3"
"two-factor.login","3"
"unit-type.update","3"
"app-settings.update","4"
"attendance-settings.index","4"
"client_notes.ask_for_password","4"
"client-notes.show","4"
"contracts.create","4"
"contractTypes.create","4"
"cropper","4"
"deals.destroy","4"
"documents.index","4"
"expenseCategory.create","4"
"expenses.apply_quick_action","4"
"expenses.destroy","4"
"front.public.show_image","4"
"invoices.destroy","4"
"invoices.edit","4"
"invoices.shipping_address_modal","4"
"knowledgebase.edit","4"
"knowledgebase.show","4"
"leadboards.index","4"
"lead-settings.index","4"
"leaves.destroy","4"
"leaves.show_reject_modal","4"
"module-settings.index","4"
"offline.methods","4"
"orders.change_status","4"
"orders.destroy","4"
"orders.index","4"
"project-calendar.index","4"
"projectCategory.create","4"
"projects.apply_quick_action","4"
"projects.destroy","4"
"project-settings.index","4"
"shifts-change.index","4"
"social_login","4"
"sub-task-files.download","4"
"tasks.apply_quick_action","4"
"tasks.destroy","4"
"tasks.project_tasks","4"
"taxes.create","4"
"theme-settings.index","4"
"ticket-groups.create","4"
"tickets.apply_quick_action","4"
"timelogs.approve_timelog","4"
"timelogs.destroy","4"
"timelogs.pause_timer","4"
"timelogs.resume_timer","4"
"timelogs.show","4"
"attendances.by_hour","5"
"attendances.by_map_location","5"
"attendances.show","5"
"client-notes.index","5"
"contract-template.index","5"
"deals.create","5"
"deals.get-stage","5"
"designations.create","5"
"discussion.show","5"
"estimates.create","5"
"expenses.get_employee_projects","5"
"gdpr.index","5"
"invoices.download","5"
"invoices.update_status","5"
"leaves.calendar","5"
"leaves.show_approved_modal","5"
"products.remove_cart_item","5"
"products.show","5"
"proposal-template.index","5"
"recurring-invoices.show","5"
"shifts.index","5"
"social-auth-settings.index","5"
"stripe","5"
"task_files.download","5"
"task-label.create","5"
"tasks.change_status","5"
"ticket-form.index","5"
"tickets.create","5"
"tickets.destroy","5"
"time-log-report.index","5"
"timelogs.create","5"
"appreciations.show","6"
"attendances.by_member","6"
"awards.index","6"
"bankaccounts.index","6"
"bankaccounts.show","6"
"clients.create","6"
"clients.project_list","6"
"estimate-template.index","6"
"expenses.change_status","6"
"front.lead_form","6"
"front.ticket_form","6"
"holidays.show","6"
"invoices.file_upload","6"
"leadCategory.create","6"
"lead-source-settings.create","6"
"payments.show","6"
"proposals.index","6"
"sticky-notes.index","6"
"tasks.checkLeaves","6"
"timelogs.index","6"
"timelogs.start_timer","6"
"timelogs.stop_timer","6"
"clients.ajax_details","7"
"dashboard.advanced","7"
"dashboard.widget","7"
"documents.show","7"
"estimates.show","7"
"gdpr_settings.update_general","7"
"invoices.apply_quick_action","7"
"notices.index","7"
"payments.create","7"
"project-template.index","7"
"proposals.show","7"
"recurring-expenses.show","7"
"taskboards.index","7"
"taskCategory.create","7"
"ticket-settings.index","7"
"timelogs.stopper_alert","7"
"creditnotes.create","8"
"custom-modules.index","8"
"departments.index","8"
"designations.index","8"
"expenses.index","8"
"invoices.payment_reminder","8"
"invoices.send_invoice","8"
"invoice-settings.index","8"
"notifications.index","8"
"payments.index","8"
"recurring-invoices.index","8"
"social_login_callback","8"
"events.index","9"
"profile-settings.index","9"
"project-template.show","9"
"appreciations.index","10"
"creditnotes.index","10"
"creditnotes.show","10"
"gdpr-settings.index","10"
"knowledgebase.index","10"
"notices.show","10"
"contracts.index","11"
"deals.index","11"
"employees.create","11"
"invoices.create","11"
"payment-gateway-settings.index","11"
"projects.create","11"
"task-calendar.index","11"
"app-settings.index","12"
"employees.index","12"
"estimates.index","12"
"invoices.add_item","12"
"invoices.product_category","12"
"payments.account_list","12"
"tickets.index","12"
"contracts.show","13"
"events.show","13"
"leaves.index","13"
"products.index","13"
"departments.create","14"
"holidays.index","14"
"attendances.index","15"
"clients.index","15"
"lead-contact.index","15"
"messages.index","15"
"tasks.create","16"
"expenses.show","18"
"products.create","18"
"tasks.index","18"
"lead-contact.show","22"
"projects.index","22"
"invoices.index","23"
"orders.show","23"
"leaves.show","25"
"deals.show","27"
"tickets.show","27"
"invoices.show","28"
"login","30"
"dashboard","36"
"clients.show","45"
"projects.show","77"
"tasks.show","82"
"employees.show","84"
